modelo,umbral,tasa_aprobacion,mora_aprobados,precision,recall,f1
V1 (con Genero),0.02,0.0,0.0,0.0915,1.0,0.16766
V1 (con Genero),0.025,0.0,0.0,0.0915,1.0,0.16766
V1 (con Genero),0.03,0.0,0.0,0.0915,1.0,0.16766
V1 (con Genero),0.035,0.0,0.0,0.0915,1.0,0.16766
V1 (con Genero),0.04,0.0,0.0,0.0915,1.0,0.16766
V1 (con Genero),0.045,0.0,0.0,0.0915,1.0,0.16766
V1 (con Genero),0.05,0.0,0.0,0.0915,1.0,0.16766
V1 (con Genero),0.055,0.0,0.0,0.0915,1.0,0.16766
V1 (con Genero),0.06,0.0,0.0,0.0915,1.0,0.16766
V1 (con Genero),0.065,0.0,0.0,0.0915,1.0,0.16766
V1 (con Genero),0.07,0.0,0.0,0.0915,1.0,0.16766
V1 (con Genero),0.075,0.0,0.0,0.0915,1.0,0.16766
V1 (con Genero),0.08,0.0,0.0,0.0915,1.0,0.16766
V1 (con Genero),0.085,0.0,0.0,0.0915,1.0,0.16766
V1 (con Genero),0.09,0.0,0.0,0.0915,1.0,0.16766
V1 (con Genero),0.095,0.0,0.0,0.0915,1.0,0.16766
V1 (con Genero),0.1,0.0,0.0,0.0915,1.0,0.16766
V1 (con Genero),0.105,0.0,0.0,0.0915,1.0,0.16766
V1 (con Genero),0.11,0.0,0.0,0.0915,1.0,0.16766
V1 (con Genero),0.115,0.0,0.0,0.0915,1.0,0.16766
V1 (con Genero),0.12,0.18301,0.07143,0.096,0.85714,0.17266
V1 (con Genero),0.125,0.27887,0.07031,0.0997,0.78571,0.17694
V1 (con Genero),0.13,0.44009,0.05941,0.11673,0.71429,0.20067
V1 (con Genero),0.135,0.77996,0.06145,0.19802,0.47619,0.27972
V1 (con Genero),0.14,0.9281,0.08451,0.18182,0.14286,0.16
V1 (con Genero),0.145,1.0,0.0915,0.0,0.0,0.0
V1 (con Genero),0.15,1.0,0.0915,0.0,0.0,0.0
V1 (con Genero),0.155,1.0,0.0915,0.0,0.0,0.0
V1 (con Genero),0.16,1.0,0.0915,0.0,0.0,0.0
V1 (con Genero),0.165,1.0,0.0915,0.0,0.0,0.0
V1 (con Genero),0.17,1.0,0.0915,0.0,0.0,0.0
V1 (con Genero),0.175,1.0,0.0915,0.0,0.0,0.0
V1 (con Genero),0.18,1.0,0.0915,0.0,0.0,0.0
V1 (con Genero),0.185,1.0,0.0915,0.0,0.0,0.0
V1 (con Genero),0.19,1.0,0.0915,0.0,0.0,0.0
V1 (con Genero),0.195,1.0,0.0915,0.0,0.0,0.0
V1 (con Genero),0.2,1.0,0.0915,0.0,0.0,0.0
V1 (con Genero),0.205,1.0,0.0915,0.0,0.0,0.0
V1 (con Genero),0.21,1.0,0.0915,0.0,0.0,0.0
V1 (con Genero),0.215,1.0,0.0915,0.0,0.0,0.0
V1 (con Genero),0.22,1.0,0.0915,0.0,0.0,0.0
V1 (con Genero),0.225,1.0,0.0915,0.0,0.0,0.0
V1 (con Genero),0.23,1.0,0.0915,0.0,0.0,0.0
V1 (con Genero),0.235,1.0,0.0915,0.0,0.0,0.0
V1 (con Genero),0.24,1.0,0.0915,0.0,0.0,0.0
V1 (con Genero),0.245,1.0,0.0915,0.0,0.0,0.0
V1 (con Genero),0.25,1.0,0.0915,0.0,0.0,0.0
V1 (con Genero),0.255,1.0,0.0915,0.0,0.0,0.0
V1 (con Genero),0.26,1.0,0.0915,0.0,0.0,0.0
V1 (con Genero),0.265,1.0,0.0915,0.0,0.0,0.0
V1 (con Genero),0.27,1.0,0.0915,0.0,0.0,0.0
V1 (con Genero),0.275,1.0,0.0915,0.0,0.0,0.0
V1 (con Genero),0.28,1.0,0.0915,0.0,0.0,0.0
V1 (con Genero),0.285,1.0,0.0915,0.0,0.0,0.0
V1 (con Genero),0.29,1.0,0.0915,0.0,0.0,0.0
V1 (con Genero),0.295,1.0,0.0915,0.0,0.0,0.0
V1 (con Genero),0.3,1.0,0.0915,0.0,0.0,0.0
V1 (con Genero),0.305,1.0,0.0915,0.0,0.0,0.0
V1 (con Genero),0.31,1.0,0.0915,0.0,0.0,0.0
V1 (con Genero),0.315,1.0,0.0915,0.0,0.0,0.0
V1 (con Genero),0.32,1.0,0.0915,0.0,0.0,0.0
V1 (con Genero),0.325,1.0,0.0915,0.0,0.0,0.0
V1 (con Genero),0.33,1.0,0.0915,0.0,0.0,0.0
V1 (con Genero),0.335,1.0,0.0915,0.0,0.0,0.0
V1 (con Genero),0.34,1.0,0.0915,0.0,0.0,0.0
V1 (con Genero),0.345,1.0,0.0915,0.0,0.0,0.0
V1 (con Genero),0.35,1.0,0.0915,0.0,0.0,0.0
V1 (con Genero),0.355,1.0,0.0915,0.0,0.0,0.0
V1 (con Genero),0.36,1.0,0.0915,0.0,0.0,0.0
V1 (con Genero),0.365,1.0,0.0915,0.0,0.0,0.0
V1 (con Genero),0.37,1.0,0.0915,0.0,0.0,0.0
V1 (con Genero),0.375,1.0,0.0915,0.0,0.0,0.0
V1 (con Genero),0.38,1.0,0.0915,0.0,0.0,0.0
V1 (con Genero),0.385,1.0,0.0915,0.0,0.0,0.0
V1 (con Genero),0.39,1.0,0.0915,0.0,0.0,0.0
V1 (con Genero),0.395,1.0,0.0915,0.0,0.0,0.0
V1 (con Genero),0.4,1.0,0.0915,0.0,0.0,0.0
V1 (con Genero),0.405,1.0,0.0915,0.0,0.0,0.0
V1 (con Genero),0.41,1.0,0.0915,0.0,0.0,0.0
V1 (con Genero),0.415,1.0,0.0915,0.0,0.0,0.0
V1 (con Genero),0.42,1.0,0.0915,0.0,0.0,0.0
V1 (con Genero),0.425,1.0,0.0915,0.0,0.0,0.0
V1 (con Genero),0.43,1.0,0.0915,0.0,0.0,0.0
V1 (con Genero),0.435,1.0,0.0915,0.0,0.0,0.0
V1 (con Genero),0.44,1.0,0.0915,0.0,0.0,0.0
V1 (con Genero),0.445,1.0,0.0915,0.0,0.0,0.0
V1 (con Genero),0.45,1.0,0.0915,0.0,0.0,0.0
V1 (con Genero),0.455,1.0,0.0915,0.0,0.0,0.0
V1 (con Genero),0.46,1.0,0.0915,0.0,0.0,0.0
V1 (con Genero),0.465,1.0,0.0915,0.0,0.0,0.0
V1 (con Genero),0.47,1.0,0.0915,0.0,0.0,0.0
V1 (con Genero),0.475,1.0,0.0915,0.0,0.0,0.0
V1 (con Genero),0.48,1.0,0.0915,0.0,0.0,0.0
V1 (con Genero),0.485,1.0,0.0915,0.0,0.0,0.0
V1 (con Genero),0.49,1.0,0.0915,0.0,0.0,0.0
V1 (con Genero),0.495,1.0,0.0915,0.0,0.0,0.0
V1 (con Genero),0.5,1.0,0.0915,0.0,0.0,0.0
V1 (con Genero),0.505,1.0,0.0915,0.0,0.0,0.0
V1 (con Genero),0.51,1.0,0.0915,0.0,0.0,0.0
V1 (con Genero),0.515,1.0,0.0915,0.0,0.0,0.0
V1 (con Genero),0.52,1.0,0.0915,0.0,0.0,0.0
V1 (con Genero),0.525,1.0,0.0915,0.0,0.0,0.0
V1 (con Genero),0.53,1.0,0.0915,0.0,0.0,0.0
V1 (con Genero),0.535,1.0,0.0915,0.0,0.0,0.0
V1 (con Genero),0.54,1.0,0.0915,0.0,0.0,0.0
V1 (con Genero),0.545,1.0,0.0915,0.0,0.0,0.0
V1 (con Genero),0.55,1.0,0.0915,0.0,0.0,0.0
V1 (con Genero),0.555,1.0,0.0915,0.0,0.0,0.0
V1 (con Genero),0.56,1.0,0.0915,0.0,0.0,0.0
V1 (con Genero),0.565,1.0,0.0915,0.0,0.0,0.0
V1 (con Genero),0.57,1.0,0.0915,0.0,0.0,0.0
V1 (con Genero),0.575,1.0,0.0915,0.0,0.0,0.0
V1 (con Genero),0.58,1.0,0.0915,0.0,0.0,0.0
V1 (con Genero),0.585,1.0,0.0915,0.0,0.0,0.0
V1 (con Genero),0.59,1.0,0.0915,0.0,0.0,0.0
V1 (con Genero),0.595,1.0,0.0915,0.0,0.0,0.0
V1 (con Genero),0.6,1.0,0.0915,0.0,0.0,0.0
V2 (sin Genero),0.02,0.0,0.0,0.0915,1.0,0.16766
V2 (sin Genero),0.025,0.0,0.0,0.0915,1.0,0.16766
V2 (sin Genero),0.03,0.0,0.0,0.0915,1.0,0.16766
V2 (sin Genero),0.035,0.0,0.0,0.0915,1.0,0.16766
V2 (sin Genero),0.04,0.0,0.0,0.0915,1.0,0.16766
V2 (sin Genero),0.045,0.0,0.0,0.0915,1.0,0.16766
V2 (sin Genero),0.05,0.0,0.0,0.0915,1.0,0.16766
V2 (sin Genero),0.055,0.0,0.0,0.0915,1.0,0.16766
V2 (sin Genero),0.06,0.0,0.0,0.0915,1.0,0.16766
V2 (sin Genero),0.065,0.0,0.0,0.0915,1.0,0.16766
V2 (sin Genero),0.07,0.0,0.0,0.0915,1.0,0.16766
V2 (sin Genero),0.075,0.0,0.0,0.0915,1.0,0.16766
V2 (sin Genero),0.08,0.0,0.0,0.0915,1.0,0.16766
V2 (sin Genero),0.085,0.0,0.0,0.0915,1.0,0.16766
V2 (sin Genero),0.09,0.0,0.0,0.0915,1.0,0.16766
V2 (sin Genero),0.095,0.0,0.0,0.0915,1.0,0.16766
V2 (sin Genero),0.1,0.0,0.0,0.0915,1.0,0.16766
V2 (sin Genero),0.105,0.0,0.0,0.0915,1.0,0.16766
V2 (sin Genero),0.11,0.0,0.0,0.0915,1.0,0.16766
V2 (sin Genero),0.115,0.0,0.0,0.0915,1.0,0.16766
V2 (sin Genero),0.12,0.0,0.0,0.0915,1.0,0.16766
V2 (sin Genero),0.125,0.0,0.0,0.0915,1.0,0.16766
V2 (sin Genero),0.13,0.0,0.0,0.0915,1.0,0.16766
V2 (sin Genero),0.135,0.0,0.0,0.0915,1.0,0.16766
V2 (sin Genero),0.14,0.0,0.0,0.0915,1.0,0.16766
V2 (sin Genero),0.145,0.00218,0.0,0.0917,1.0,0.168
V2 (sin Genero),0.15,0.00436,0.0,0.0919,1.0,0.16834
V2 (sin Genero),0.155,0.00436,0.0,0.0919,1.0,0.16834
V2 (sin Genero),0.16,0.00871,0.0,0.09231,1.0,0.16901
V2 (sin Genero),0.165,0.00871,0.0,0.09231,1.0,0.16901
V2 (sin Genero),0.17,0.01089,0.0,0.09251,1.0,0.16935
V2 (sin Genero),0.175,0.01307,0.0,0.09272,1.0,0.1697
V2 (sin Genero),0.18,0.01743,0.0,0.09313,1.0,0.17039
V2 (sin Genero),0.185,0.01961,0.11111,0.09111,0.97619,0.16667
V2 (sin Genero),0.19,0.01961,0.11111,0.09111,0.97619,0.16667
V2 (sin Genero),0.195,0.02179,0.1,0.09131,0.97619,0.16701
V2 (sin Genero),0.2,0.02832,0.07692,0.09193,0.97619,0.16803
V2 (sin Genero),0.205,0.03486,0.0625,0.09255,0.97619,0.16907
V2 (sin Genero),0.21,0.04793,0.04545,0.09382,0.97619,0.17119
V2 (sin Genero),0.215,0.05664,0.03846,0.09469,0.97619,0.17263
V2 (sin Genero),0.22,0.06972,0.03125,0.09602,0.97619,0.17484
V2 (sin Genero),0.225,0.08279,0.02632,0.09739,0.97619,0.17711
V2 (sin Genero),0.23,0.08715,0.025,0.09785,0.97619,0.17787
V2 (sin Genero),0.235,0.1024,0.06383,0.09466,0.92857,0.17181
V2 (sin Genero),0.24,0.10675,0.06122,0.09512,0.92857,0.17257
V2 (sin Genero),0.245,0.11765,0.05556,0.0963,0.92857,0.1745
V2 (sin Genero),0.25,0.13725,0.06349,0.09596,0.90476,0.17352
V2 (sin Genero),0.255,0.16122,0.06757,0.0961,0.88095,0.1733
V2 (sin Genero),0.26,0.17865,0.06098,0.09814,0.88095,0.17661
V2 (sin Genero),0.265,0.1939,0.06742,0.0973,0.85714,0.17476
V2 (sin Genero),0.27,0.20261,0.06452,0.09836,0.85714,0.17647
V2 (sin Genero),0.275,0.21351,0.07143,0.09695,0.83333,0.1737
V2 (sin Genero),0.28,0.21786,0.07,0.09749,0.83333,0.17456
V2 (sin Genero),0.285,0.23094,0.06604,0.09915,0.83333,0.17722
V2 (sin Genero),0.29,0.24183,0.06306,0.10057,0.83333,0.17949
V2 (sin Genero),0.295,0.26797,0.05691,0.10417,0.83333,0.18519
V2 (sin Genero),0.3,0.27887,0.05469,0.10574,0.83333,0.18767
V2 (sin Genero),0.305,0.28322,0.05385,0.10638,0.83333,0.18868
V2 (sin Genero),0.31,0.2963,0.05147,0.10836,0.83333,0.19178
V2 (sin Genero),0.315,0.32244,0.05405,0.10932,0.80952,0.19263
V2 (sin Genero),0.32,0.35294,0.05556,0.11111,0.78571,0.19469
V2 (sin Genero),0.325,0.38562,0.0565,0.11348,0.7619,0.19753
V2 (sin Genero),0.33,0.40305,0.05405,0.11679,0.7619,0.20253
V2 (sin Genero),0.335,0.42048,0.05699,0.11654,0.7381,0.2013
V2 (sin Genero),0.34,0.44009,0.05941,0.11673,0.71429,0.20067
V2 (sin Genero),0.345,0.45534,0.0622,0.116,0.69048,0.19863
V2 (sin Genero),0.35,0.47495,0.05963,0.12033,0.69048,0.20495
V2 (sin Genero),0.355,0.49237,0.05752,0.12446,0.69048,0.21091
V2 (sin Genero),0.36,0.51634,0.05485,0.13063,0.69048,0.2197
V2 (sin Genero),0.365,0.53595,0.05691,0.13146,0.66667,0.21961
V2 (sin Genero),0.37,0.5512,0.05929,0.13107,0.64286,0.21774
V2 (sin Genero),0.375,0.55991,0.05837,0.13366,0.64286,0.22131
V2 (sin Genero),0.38,0.56863,0.05747,0.13636,0.64286,0.225
V2 (sin Genero),0.385,0.59041,0.06273,0.13298,0.59524,0.21739
V2 (sin Genero),0.39,0.61002,0.06429,0.13408,0.57143,0.21719
V2 (sin Genero),0.395,0.62745,0.06597,0.1345,0.54762,0.21596
V2 (sin Genero),0.4,0.63617,0.06507,0.13772,0.54762,0.2201
V2 (sin Genero),0.405,0.64924,0.06376,0.14286,0.54762,0.2266
V2 (sin Genero),0.41,0.66013,0.06601,0.14103,0.52381,0.22222
V2 (sin Genero),0.415,0.67538,0.06774,0.14094,0.5,0.2199
V2 (sin Genero),0.42,0.69281,0.07233,0.13475,0.45238,0.20765
V2 (sin Genero),0.425,0.70588,0.07407,0.13333,0.42857,0.20339
V2 (sin Genero),0.43,0.72331,0.07229,0.14173,0.42857,0.21302
V2 (sin Genero),0.435,0.73856,0.07375,0.14167,0.40476,0.20988
V2 (sin Genero),0.44,0.74292,0.07331,0.14407,0.40476,0.2125
V2 (sin Genero),0.445,0.76253,0.07429,0.14679,0.38095,0.21192
V2 (sin Genero),0.45,0.77342,0.07606,0.14423,0.35714,0.20548
V2 (sin Genero),0.455,0.78431,0.07778,0.14141,0.33333,0.19858
V2 (sin Genero),0.46,0.79521,0.07671,0.14894,0.33333,0.20588
V2 (sin Genero),0.465,0.80392,0.07588,0.15556,0.33333,0.21212
V2 (sin Genero),0.47,0.81699,0.08,0.14286,0.28571,0.19048
V2 (sin Genero),0.475,0.81917,0.07979,0.14458,0.28571,0.192
V2 (sin Genero),0.48,0.82135,0.07958,0.14634,0.28571,0.19355
V2 (sin Genero),0.485,0.82789,0.07895,0.1519,0.28571,0.19835
V2 (sin Genero),0.49,0.83224,0.08115,0.14286,0.2619,0.18487
V2 (sin Genero),0.495,0.8366,0.08073,0.14667,0.2619,0.18803
V2 (sin Genero),0.5,0.84749,0.0874,0.11429,0.19048,0.14286
V2 (sin Genero),0.505,0.8671,0.08794,0.11475,0.16667,0.13592
V2 (sin Genero),0.51,0.88453,0.08867,0.11321,0.14286,0.12632
V2 (sin Genero),0.515,0.89542,0.08759,0.125,0.14286,0.13333
V2 (sin Genero),0.52,0.91068,0.08612,0.14634,0.14286,0.14458
V2 (sin Genero),0.525,0.91503,0.08571,0.15385,0.14286,0.14815
V2 (sin Genero),0.53,0.91939,0.08531,0.16216,0.14286,0.1519
V2 (sin Genero),0.535,0.9281,0.09155,0.09091,0.07143,0.08
V2 (sin Genero),0.54,0.93246,0.09112,0.09677,0.07143,0.08219
V2 (sin Genero),0.545,0.93682,0.0907,0.10345,0.07143,0.08451
V2 (sin Genero),0.55,0.94118,0.09028,0.11111,0.07143,0.08696
V2 (sin Genero),0.555,0.94989,0.09174,0.08696,0.04762,0.06154
V2 (sin Genero),0.56,0.95425,0.09132,0.09524,0.04762,0.06349
V2 (sin Genero),0.565,0.95643,0.09112,0.1,0.04762,0.06452
V2 (sin Genero),0.57,0.96296,0.09276,0.05882,0.02381,0.0339
V2 (sin Genero),0.575,0.96732,0.09234,0.06667,0.02381,0.03509
V2 (sin Genero),0.58,0.96732,0.09234,0.06667,0.02381,0.03509
V2 (sin Genero),0.585,0.9695,0.09213,0.07143,0.02381,0.03571
V2 (sin Genero),0.59,0.97603,0.09152,0.09091,0.02381,0.03774
V2 (sin Genero),0.595,0.97821,0.09131,0.1,0.02381,0.03846
V2 (sin Genero),0.6,0.98039,0.09111,0.11111,0.02381,0.03922
